"name","email","faculty","student_id"
"sultan","sultan@example.com","sfw-123","1"
"yatoro","yatoro@example.com","las-123","2"
"collapse","collaspse@example.com","ibl-124","3"
"dan","dan@example.com","sfw-123","4"
"serdar","serdar@example.com","las-122","5"
"darina","darina@example.com","sfw-123","6"
"atai","atai@example.com","sfw-123","7"
"kuka","kuka@example.com","las-124","8"
"bekzat","bekzat@example.com","ba-123","9"
